Protein.Group	Protein.Names	Genes	First.Protein.Description	N.Sequences	N.Proteotypic.Sequences	/fs/gpfs41/lv12/fileset02/pool/pool-mann-projects/alphatools/alzheimers_dataset/RAWDATA/20180618_QX0_JaBa_SA_LC12_5_CSF1_1_8-1xD1xS1fM1_sampleE01.raw	/fs/gpfs41/lv12/fileset02/pool/pool-mann-projects/alphatools/alzheimers_dataset/RAWDATA/20180618_QX0_JaBa_SA_LC12_5_CSF1_1_8-1xD1xS1fM1_sampleB05.raw	/fs/gpfs41/lv12/fileset02/pool/pool-mann-projects/alphatools/alzheimers_dataset/RAWDATA/20180618_QX0_JaBa_SA_LC12_5_CSF1_1_8-1xD1xS1fM1_sampleB11.raw	/fs/gpfs41/lv12/fileset02/pool/pool-mann-projects/alphatools/alzheimers_dataset/RAWDATA/20180618_QX0_JaBa_SA_LC12_5_CSF1_1_8-1xD1xS1fM1_sampleA12.raw	/fs/gpfs41/lv12/fileset02/pool/pool-mann-projects/alphatools/alzheimers_dataset/RAWDATA/20180618_QX0_JaBa_SA_LC12_5_CSF1_1_8-1xD1xS1fM1_sampleB03.raw	/fs/gpfs41/lv12/fileset02/pool/pool-mann-projects/alphatools/alzheimers_dataset/RAWDATA/20180618_QX0_JaBa_SA_LC12_5_CSF1_1_8-1xD1xS1fM1_sampleB08.raw	/fs/gpfs41/lv12/fileset02/pool/pool-mann-projects/alphatools/alzheimers_dataset/RAWDATA/20180618_QX0_JaBa_SA_LC12_5_CSF1_1_8-1xD1xS1fM1_sampleB01.raw	/fs/gpfs41/lv12/fileset02/pool/pool-mann-projects/alphatools/alzheimers_dataset/RAWDATA/20180618_QX0_JaBa_SA_LC12_5_CSF1_1_8-1xD1xS1fM1_sampleE03.raw	/fs/gpfs41/lv12/fileset02/pool/pool-mann-projects/alphatools/alzheimers_dataset/RAWDATA/20180618_QX0_JaBa_SA_LC12_5_CSF1_1_8-1xD1xS1fM1_sampleA10.raw	/fs/gpfs41/lv12/fileset02/pool/pool-mann-projects/alphatools/alzheimers_dataset/RAWDATA/20180618_QX0_JaBa_SA_LC12_5_CSF1_1_8-1xD1xS1fM1_sampleB02.raw	/fs/gpfs41/lv12/fileset02/pool/pool-mann-projects/alphatools/alzheimers_dataset/RAWDATA/20180618_QX0_JaBa_SA_LC12_5_CSF1_1_8-1xD1xS1fM1_sampleA04.raw	/fs/gpfs41/lv12/fileset02/pool/pool-mann-projects/alphatools/alzheimers_dataset/RAWDATA/20180618_QX0_JaBa_SA_LC12_5_CSF1_1_8-1xD1xS1fM1_sampleC07.raw	/fs/gpfs41/lv12/fileset02/pool/pool-mann-projects/alphatools/alzheimers_dataset/RAWDATA/20180618_QX0_JaBa_SA_LC12_5_CSF1_1_8-1xD1xS1fM1_sampleC12.raw	/fs/gpfs41/lv12/fileset02/pool/pool-mann-projects/alphatools/alzheimers_dataset/RAWDATA/20180618_QX0_JaBa_SA_LC12_5_CSF1_1_8-1xD1xS1fM1_sampleC04.raw	/fs/gpfs41/lv12/fileset02/pool/pool-mann-projects/alphatools/alzheimers_dataset/RAWDATA/20180618_QX0_JaBa_SA_LC12_5_CSF1_1_8-1xD1xS1fM1_sampleD06.raw	/fs/gpfs41/lv12/fileset02/pool/pool-mann-projects/alphatools/alzheimers_dataset/RAWDATA/20180618_QX0_JaBa_SA_LC12_5_CSF1_1_8-1xD1xS1fM1_sampleC08.raw	/fs/gpfs41/lv12/fileset02/pool/pool-mann-projects/alphatools/alzheimers_dataset/RAWDATA/20180618_QX0_JaBa_SA_LC12_5_CSF1_1_8-1xD1xS1fM1_sampleE11.raw	/fs/gpfs41/lv12/fileset02/pool/pool-mann-projects/alphatools/alzheimers_dataset/RAWDATA/20180618_QX0_JaBa_SA_LC12_5_CSF1_1_8-1xD1xS1fM1_sampleB06.raw	/fs/gpfs41/lv12/fileset02/pool/pool-mann-projects/alphatools/alzheimers_dataset/RAWDATA/20180618_QX0_JaBa_SA_LC12_5_CSF1_1_8-1xD1xS1fM1_sampleD07.raw	/fs/gpfs41/lv12/fileset02/pool/pool-mann-projects/alphatools/alzheimers_dataset/RAWDATA/20180618_QX0_JaBa_SA_LC12_5_CSF1_1_8-1xD1xS1fM1_sampleC02.raw	/fs/gpfs41/lv12/fileset02/pool/pool-mann-projects/alphatools/alzheimers_dataset/RAWDATA/20180618_QX0_JaBa_SA_LC12_5_CSF1_1_8-1xD1xS1fM1_sampleE06.raw	/fs/gpfs41/lv12/fileset02/pool/pool-mann-projects/alphatools/alzheimers_dataset/RAWDATA/20180618_QX0_JaBa_SA_LC12_5_CSF1_1_8-1xD1xS1fM1_sampleC06.raw	/fs/gpfs41/lv12/fileset02/pool/pool-mann-projects/alphatools/alzheimers_dataset/RAWDATA/20180618_QX0_JaBa_SA_LC12_5_CSF1_1_8-1xD1xS1fM1_sampleC05.raw	/fs/gpfs41/lv12/fileset02/pool/pool-mann-projects/alphatools/alzheimers_dataset/RAWDATA/20180618_QX0_JaBa_SA_LC12_5_CSF1_1_8-1xD1xS1fM1_sampleD01.raw	/fs/gpfs41/lv12/fileset02/pool/pool-mann-projects/alphatools/alzheimers_dataset/RAWDATA/20180618_QX0_JaBa_SA_LC12_5_CSF1_1_8-1xD1xS1fM1_sampleA07.raw	/fs/gpfs41/lv12/fileset02/pool/pool-mann-projects/alphatools/alzheimers_dataset/RAWDATA/20180618_QX0_JaBa_SA_LC12_5_CSF1_1_8-1xD1xS1fM1_sampleB12.raw	/fs/gpfs41/lv12/fileset02/pool/pool-mann-projects/alphatools/alzheimers_dataset/RAWDATA/20180618_QX0_JaBa_SA_LC12_5_CSF1_1_8-1xD1xS1fM1_sampleB10R1.raw	/fs/gpfs41/lv12/fileset02/pool/pool-mann-projects/alphatools/alzheimers_dataset/RAWDATA/20180618_QX0_JaBa_SA_LC12_5_CSF1_1_8-1xD1xS1fM1_sampleE10.raw	/fs/gpfs41/lv12/fileset02/pool/pool-mann-projects/alphatools/alzheimers_dataset/RAWDATA/20180618_QX0_JaBa_SA_LC12_5_CSF1_1_8-1xD1xS1fM1_sampleD04.raw	/fs/gpfs41/lv12/fileset02/pool/pool-mann-projects/alphatools/alzheimers_dataset/RAWDATA/20180618_QX0_JaBa_SA_LC12_5_CSF1_1_8-1xD1xS1fM1_sampleA08.raw	/fs/gpfs41/lv12/fileset02/pool/pool-mann-projects/alphatools/alzheimers_dataset/RAWDATA/20180618_QX0_JaBa_SA_LC12_5_CSF1_1_8-1xD1xS1fM1_sampleD10.raw	/fs/gpfs41/lv12/fileset02/pool/pool-mann-projects/alphatools/alzheimers_dataset/RAWDATA/20180618_QX0_JaBa_SA_LC12_5_CSF1_1_8-1xD1xS1fM1_sampleD12.raw	/fs/gpfs41/lv12/fileset02/pool/pool-mann-projects/alphatools/alzheimers_dataset/RAWDATA/20180618_QX0_JaBa_SA_LC12_5_CSF1_1_8-1xD1xS1fM1_sampleA03.raw	/fs/gpfs41/lv12/fileset02/pool/pool-mann-projects/alphatools/alzheimers_dataset/RAWDATA/20180618_QX0_JaBa_SA_LC12_5_CSF1_1_8-1xD1xS1fM1_sampleB10R2.raw	/fs/gpfs41/lv12/fileset02/pool/pool-mann-projects/alphatools/alzheimers_dataset/RAWDATA/20180618_QX0_JaBa_SA_LC12_5_CSF1_1_8-1xD1xS1fM1_sampleC10.raw	/fs/gpfs41/lv12/fileset02/pool/pool-mann-projects/alphatools/alzheimers_dataset/RAWDATA/20180618_QX0_JaBa_SA_LC12_5_CSF1_1_8-1xD1xS1fM1_sampleB07.raw	/fs/gpfs41/lv12/fileset02/pool/pool-mann-projects/alphatools/alzheimers_dataset/RAWDATA/20180618_QX0_JaBa_SA_LC12_5_CSF1_1_8-1xD1xS1fM1_sampleD11.raw	/fs/gpfs41/lv12/fileset02/pool/pool-mann-projects/alphatools/alzheimers_dataset/RAWDATA/20180618_QX0_JaBa_SA_LC12_5_CSF1_1_8-1xD1xS1fM1_sampleA06.raw	/fs/gpfs41/lv12/fileset02/pool/pool-mann-projects/alphatools/alzheimers_dataset/RAWDATA/20180618_QX0_JaBa_SA_LC12_5_CSF1_1_8-1xD1xS1fM1_sampleC01.raw	/fs/gpfs41/lv12/fileset02/pool/pool-mann-projects/alphatools/alzheimers_dataset/RAWDATA/20180618_QX0_JaBa_SA_LC12_5_CSF1_1_8-1xD1xS1fM1_sampleD08.raw	/fs/gpfs41/lv12/fileset02/pool/pool-mann-projects/alphatools/alzheimers_dataset/RAWDATA/20180618_QX0_JaBa_SA_LC12_5_CSF1_1_8-1xD1xS1fM1_sampleA05.raw	/fs/gpfs41/lv12/fileset02/pool/pool-mann-projects/alphatools/alzheimers_dataset/RAWDATA/20180618_QX0_JaBa_SA_LC12_5_CSF1_1_8-1xD1xS1fM1_sampleE05.raw	/fs/gpfs41/lv12/fileset02/pool/pool-mann-projects/alphatools/alzheimers_dataset/RAWDATA/20180618_QX0_JaBa_SA_LC12_5_CSF1_1_8-1xD1xS1fM1_sampleD05.raw	/fs/gpfs41/lv12/fileset02/pool/pool-mann-projects/alphatools/alzheimers_dataset/RAWDATA/20180618_QX0_JaBa_SA_LC12_5_CSF1_1_8-1xD1xS1fM1_sampleA11.raw	/fs/gpfs41/lv12/fileset02/pool/pool-mann-projects/alphatools/alzheimers_dataset/RAWDATA/20180618_QX0_JaBa_SA_LC12_5_CSF1_1_8-1xD1xS1fM1_sampleB09.raw	/fs/gpfs41/lv12/fileset02/pool/pool-mann-projects/alphatools/alzheimers_dataset/RAWDATA/20180618_QX0_JaBa_SA_LC12_5_CSF1_1_8-1xD1xS1fM1_sampleE07.raw	/fs/gpfs41/lv12/fileset02/pool/pool-mann-projects/alphatools/alzheimers_dataset/RAWDATA/20180618_QX0_JaBa_SA_LC12_5_CSF1_1_8-1xD1xS1fM1_sampleD03.raw	/fs/gpfs41/lv12/fileset02/pool/pool-mann-projects/alphatools/alzheimers_dataset/RAWDATA/20180618_QX0_JaBa_SA_LC12_5_CSF1_1_8-1xD1xS1fM1_sampleD02.raw	/fs/gpfs41/lv12/fileset02/pool/pool-mann-projects/alphatools/alzheimers_dataset/RAWDATA/20180618_QX0_JaBa_SA_LC12_5_CSF1_1_8-1xD1xS1fM1_sampleA01.raw	/fs/gpfs41/lv12/fileset02/pool/pool-mann-projects/alphatools/alzheimers_dataset/RAWDATA/20180618_QX0_JaBa_SA_LC12_5_CSF1_1_8-1xD1xS1fM1_sampleC09.raw	/fs/gpfs41/lv12/fileset02/pool/pool-mann-projects/alphatools/alzheimers_dataset/RAWDATA/20180618_QX0_JaBa_SA_LC12_5_CSF1_1_8-1xD1xS1fM1_sampleE08.raw	/fs/gpfs41/lv12/fileset02/pool/pool-mann-projects/alphatools/alzheimers_dataset/RAWDATA/20180618_QX0_JaBa_SA_LC12_5_CSF1_1_8-1xD1xS1fM1_sampleE02.raw	/fs/gpfs41/lv12/fileset02/pool/pool-mann-projects/alphatools/alzheimers_dataset/RAWDATA/20180618_QX0_JaBa_SA_LC12_5_CSF1_1_8-1xD1xS1fM1_sampleA02.raw	/fs/gpfs41/lv12/fileset02/pool/pool-mann-projects/alphatools/alzheimers_dataset/RAWDATA/20180618_QX0_JaBa_SA_LC12_5_CSF1_1_8-1xD1xS1fM1_sampleE12.raw	/fs/gpfs41/lv12/fileset02/pool/pool-mann-projects/alphatools/alzheimers_dataset/RAWDATA/20180618_QX0_JaBa_SA_LC12_5_CSF1_1_8-1xD1xS1fM1_sampleE04.raw	/fs/gpfs41/lv12/fileset02/pool/pool-mann-projects/alphatools/alzheimers_dataset/RAWDATA/20180618_QX0_JaBa_SA_LC12_5_CSF1_1_8-1xD1xS1fM1_sampleE09.raw	/fs/gpfs41/lv12/fileset02/pool/pool-mann-projects/alphatools/alzheimers_dataset/RAWDATA/20180618_QX0_JaBa_SA_LC12_5_CSF1_1_8-1xD1xS1fM1_sampleC11.raw	/fs/gpfs41/lv12/fileset02/pool/pool-mann-projects/alphatools/alzheimers_dataset/RAWDATA/20180618_QX0_JaBa_SA_LC12_5_CSF1_1_8-1xD1xS1fM1_sampleB04.raw	/fs/gpfs41/lv12/fileset02/pool/pool-mann-projects/alphatools/alzheimers_dataset/RAWDATA/20180618_QX0_JaBa_SA_LC12_5_CSF1_1_8-1xD1xS1fM1_sampleC03.raw	/fs/gpfs41/lv12/fileset02/pool/pool-mann-projects/alphatools/alzheimers_dataset/RAWDATA/20180618_QX0_JaBa_SA_LC12_5_CSF1_1_8-1xD1xS1fM1_sampleA09.raw	/fs/gpfs41/lv12/fileset02/pool/pool-mann-projects/alphatools/alzheimers_dataset/RAWDATA/20180618_QX0_JaBa_SA_LC12_5_CSF1_1_8-1xD1xS1fM1_sampled09.raw
A0A075B6H9	LV469_HUMAN	IGLV4-69		2	2	77220500.0	39566800.0	27392100.0	12829700.0	33979400.0	53556700.0	11625900.0	105583000.0	700389.0	24520800.0	19058700.0	42109300.0	79201200.0	34225200.0	62065200.0	94505800.0	1387540.0	47007100.0	15497200.0	37034700.0	32333100.0	37155000.0	21741700.0	81223800.0	53140200.0	25081900.0	19073600.0	25116300.0	238076000.0	76286700.0	3279460.0	29922800.0	27920700.0	18020300.0	92525900.0	6396130.0	88707200.0	18018200.0	70367500.0	88044200.0	43688700.0	68577500.0	107406000.0	19234600.0	53840600.0	1357800.0	66539400.0	47877300.0	34063200.0	147609000.0	47818800.0	86486800.0	31109200.0	61191100.0	26528500.0	73875100.0	20566500.0	10344000.0	14022800.0	19999400.0	53524600.0
A0A075B6I0	LV861_HUMAN	IGLV8-61		3	3	103374000.0	71580200.0	42695000.0	55057200.0	66161200.0	80507500.0	49814900.0	110595000.0	69365200.0	46292900.0	9927730.0	18913700.0	89221700.0		30530300.0	115326000.0	39132800.0	118874000.0	20616000.0	11660600.0	49827400.0	8598980.0	10834800.0	82325300.0	39339300.0	23240300.0	13649000.0	35160600.0	183273000.0	186707000.0	58808800.0	29031700.0	10986200.0	11970200.0	64699500.0	13164200.0	27430400.0	22727500.0	54670600.0	86361000.0	45082000.0	45563800.0	250904000.0	28646000.0	67529300.0		31592700.0	97791300.0		217622000.0	34309400.0	54446300.0	39280600.0	32782200.0	43146200.0	64742700.0	26251300.0	38123700.0	45430300.0	16365600.0	20902800.0
A0A075B6I1	LV460_HUMAN	IGLV4-60		2	2	10956700.0	12655900.0	4543130.0	7905720.0	4035670.0	17635400.0	9517490.0	688503.0	7630030.0	10210900.0	10792300.0	3934230.0	3188690.0	11174000.0	1231140.0	11792200.0	9783420.0	12280000.0	6550400.0	9394290.0	11002700.0	7343870.0	889192.0	17512000.0	12322800.0	11393700.0	3695510.0	770537.0	35630900.0	32292600.0	9457290.0	7395740.0	1431120.0	3200470.0	16124600.0	589591.0	21040400.0	626632.0	27171100.0	2515430.0	7858320.0	6106260.0	22360900.0	3235280.0	7807540.0	8872800.0	3364820.0	15939300.0	5194960.0	110932000.0	2641530.0	36667800.0	3692760.0	1843350.0	22076300.0	8247530.0	491357.0	7629890.0	299018.0	11856700.0	17915300.0
A0A075B6I7	LV548_HUMAN	IGLV5-48		1	1				202590.0					375903.0				195863.0	184342.0										103551.0							431378.0						738907.0			942428.0	294956.0				340311.0					1453180.0		676275.0				276514.0					2361710.0
A0A075B6I9	LV746_HUMAN	IGLV7-46		3	1	125708000.0	55909900.0	89816500.0	53537600.0	112146000.0	78338300.0	44483600.0	81346100.0	47493400.0	64720100.0	38008500.0	54347100.0	146881000.0	60557600.0	123402000.0	482194000.0	82447400.0	77879400.0	15456800.0	74970200.0	40972200.0	75610800.0	37928900.0	140555000.0	88069300.0	48247100.0	50240300.0	38478200.0	174249000.0	152841000.0	122369000.0	91893100.0	26324500.0	51081600.0	137564000.0	20002700.0	125100000.0	72393600.0	198698000.0	71272400.0	105219000.0	80145200.0	229335000.0	27592500.0	124632000.0	61542500.0	125272000.0	338252000.0	30926200.0	413510000.0	36083600.0	696499000.0	39744800.0	41212300.0	100248000.0	113920000.0	40977200.0	100671000.0	74791800.0	63355600.0	104611000.0
A0A075B6J1	LV537_HUMAN	IGLV5-37		1	1			716678.0			1809420.0					316895.0		1770660.0	301531.0	669192.0	2851610.0		938044.0				1321930.0	371080.0		450578.0	518997.0		446077.0	15375000.0	617274.0					1012890.0	342359.0					2132130.0	1139620.0	4232640.0		1287980.0	199142.0		635941.0	1170120.0		959321.0	1101700.0				569450.0				1107240.0	1536670.0
A0A075B6J9	LV218_HUMAN	IGLV2-18		3	2		1869880.0		2418060.0	1574510.0	6012800.0	704876.0	907664.0	2670610.0	3820930.0		2367530.0		1768690.0	2021870.0	4265490.0	14395300.0	4064620.0	821251.0	15069400.0	1051170.0	1146480.0	967245.0	6672750.0	1323170.0	1542700.0	978385.0	587463.0	7372820.0	1209920.0	7098510.0		755906.0	806459.0	1476470.0	823772.0	3056150.0	1862360.0	3949240.0	1913750.0	858888.0	752313.0	6742750.0	1114550.0	625467.0	1453740.0	4160000.0	2604410.0	2335300.0	7487700.0	2717490.0	13434600.0	1994060.0		1043410.0	2864770.0		2297640.0	1899570.0	816103.0	2022750.0
A0A075B6K0	LV316_HUMAN	IGLV3-16		4	1	67016900.0	86243700.0	60076000.0	13178200.0	102414000.0	74294300.0	128486000.0	58905600.0	125789000.0	58045600.0	26115900.0	80682700.0	167717000.0	162176000.0	62409200.0	151802000.0	106602000.0	89362600.0	31056000.0	146223000.0	75159400.0	54253000.0	51694400.0	206191000.0	109171000.0	47322500.0	30766200.0	21856800.0	231613000.0	143422000.0	118188000.0	63688200.0	24167400.0	27303700.0	152332000.0	43532500.0	145648000.0	84863200.0	160516000.0	103891000.0	59592000.0	141740000.0	163262000.0	38427100.0	67552300.0	49395800.0	140523000.0	85076400.0	55138700.0	385587000.0	58885300.0	246040000.0	37109200.0	29637600.0	61333800.0	116667000.0	24020200.0	52980400.0	25608300.0	30805400.0	156397000.0
A0A075B6K2	LV312_HUMAN	IGLV3-12		1	1		476702.0	242637.0	319352.0	2289110.0	1078960.0	343949.0	511436.0	1496610.0	975267.0		647780.0	376537.0		379129.0	2516560.0				1844890.0	422556.0	852900.0		1705880.0	666573.0				5452050.0		1114300.0	1915660.0				162418.0	363120.0	1150740.0	2630910.0	2826970.0	430001.0	471708.0	1930300.0	872371.0	275212.0	293147.0	435208.0		1088650.0		201617.0	1990940.0			195513.0	814528.0			1412420.0	289988.0
A0A075B6K4	LV310_HUMAN	IGLV3-10		3	1	7569260.0	6818080.0	5638180.0	1342490.0	14006000.0	13847100.0	9636860.0	12869800.0	10576200.0	8371930.0	6331050.0	6705570.0	15441200.0	13779300.0	10196300.0	8970110.0	6287770.0	12407800.0	2897660.0	15457900.0	4556460.0	5131360.0	2863680.0	30499300.0	6994920.0	1823330.0	3715900.0	3135660.0	29842100.0	15223800.0	10321600.0	5283260.0	3930380.0	3694070.0	18175100.0	3326570.0	14002900.0	4966720.0	13655100.0	12394600.0	6228820.0	11780500.0	10690600.0	5830580.0	6035020.0	5007500.0	9329640.0	3899070.0	3629520.0	31313000.0	10877900.0	20959000.0	5430800.0	2338190.0	3472940.0	5455200.0	2749420.0	3406750.0	7912100.0	3343260.0	14699600.0
A0A075B6K5	LV39_HUMAN	IGLV3-9		3	3	10083600.0	3719470.0	9531680.0	4388960.0	9816290.0	12688500.0	4013890.0	16238000.0	25656600.0	19603500.0	6847140.0	13727500.0	30801900.0	10485600.0	14890800.0	31821400.0	23684900.0	25191900.0	4639380.0	12803400.0	9865310.0	11924000.0	2449300.0	18952500.0	6013440.0	4474440.0	5417500.0	4030730.0	53168100.0	43076400.0	15492300.0	5612440.0	4903570.0	5093500.0	19312000.0	4677490.0	14951700.0	19715500.0	21244200.0	11120200.0	17303700.0	30158400.0	21026900.0	9764270.0	15565900.0	11827700.0	14527300.0	12962800.0	6749030.0	73015300.0	8216550.0	50382800.0	10711300.0	4055720.0	15388300.0	12277400.0	5874060.0	17345900.0	2606400.0	7314040.0	29957000.0
A0A075B6K6	LV403_HUMAN	IGLV4-3		1	1												1293160.0																												532268.0	187604.0				294556.0				829233.0							312889.0
A0A075B6P5;P01615	KV228_HUMAN;KVD28_HUMAN	IGKV2-28;IGKV2D-28		2	0	26938700.0	41883000.0	52443200.0	33675000.0	37744600.0	48534600.0	17839900.0	52364600.0	56366200.0	49596800.0	19796100.0	31430500.0	63984000.0	22891200.0	46113900.0	110422000.0	82643200.0	67033000.0	15469700.0	43748700.0	24243500.0	20957500.0	24162400.0	82435700.0	39744700.0	29535700.0	22552800.0	16729500.0	113349000.0	76898400.0	71016000.0	32631200.0	23246300.0	24895500.0	95754800.0	17847100.0	114899000.0	32742300.0	114125000.0	63755900.0	19512300.0	43213500.0	170093000.0	26873700.0	53305700.0	46046500.0	73144800.0	44395700.0	18651100.0	444036000.0	35536800.0	367687000.0	35926600.0	30960700.0	67418000.0	25079800.0	30306800.0	31151000.0	31777700.0	27955100.0	57569600.0
A0A075B6Q5	HV364_HUMAN	IGHV3-64		1	1	1395340.0	1543930.0	1602450.0		11642100.0			3062160.0	6544770.0	1646700.0	837705.0			1101420.0	3746500.0		2805590.0	2472140.0	1491650.0		946261.0	1488470.0					886894.0	1685150.0	1643790.0	3327200.0			1373770.0		3368800.0			1156710.0	1911920.0	4134070.0	3114000.0	3184010.0	10324500.0					6196140.0		12866300.0	1184890.0				3268230.0	7285130.0				3050720.0	1577170.0
A0A075B6R2	HV404_HUMAN	IGHV4-4		3	2	18969200.0	23005100.0	21908200.0	10434400.0	6080510.0	26985700.0	18534000.0	49625900.0	46833300.0	32420200.0	18164400.0	34063600.0	52813400.0		32459900.0	39776200.0	4075880.0	6421460.0	18589700.0	30665100.0	20122600.0	4146900.0	9507390.0	42587200.0	25989400.0	20202500.0	16841400.0	12109400.0	113838000.0	124998000.0	30607000.0	25931500.0	11444800.0	15501700.0	13759600.0	5095870.0	6961830.0	22529300.0	18604500.0	10360600.0	30333700.0	34138900.0	79640600.0	27113900.0	25971700.0	22282100.0	39131600.0	32663500.0	7825060.0	90807400.0	30783500.0	113081000.0	11948800.0	7653540.0	14238800.0	30821700.0	9014180.0	22189400.0	20395500.0	25830800.0	51968200.0
A0A075B6R9;A0A0C4DH68	KV224_HUMAN;KVD24_HUMAN	IGKV2-24;IGKV2D-24		2	0	151884000.0	71812400.0	65342600.0	69522200.0	168936000.0	71152400.0	121614000.0	164697000.0	68979500.0	101113000.0	43378400.0	109973000.0	67881600.0	140850000.0	191501000.0	203185000.0	170810000.0	136970000.0	52070600.0	188075000.0	43975000.0	149466000.0	48714600.0	89025300.0	131902000.0	43266000.0	41282100.0	68155900.0	741997000.0	240505000.0	214410000.0	173308000.0	41727400.0	42882300.0	195716000.0	37736800.0	209168000.0	96311400.0	210476000.0	217049000.0	70567100.0	117213000.0	456749000.0	28965800.0	126260000.0	147156000.0	123267000.0	278142000.0	67977100.0	377469000.0	37714500.0	313353000.0	54161000.0	63057900.0	122254000.0	142083000.0	80861100.0	250116000.0	55769500.0	96518500.0	215642000.0
A0A075B6S2	KVD29_HUMAN	IGKV2D-29		6	1	1212270000.0	911356000.0	562755000.0	383406000.0	917237000.0	988704000.0	477041000.0	1359250000.0	946009000.0	855143000.0	320280000.0	905806000.0	648797000.0	624999000.0	1367790000.0	1703730000.0	1202410000.0	1982330000.0	379562000.0	1122670000.0	466595000.0	1166450000.0	627779000.0	1727450000.0	648459000.0	346310000.0	544972000.0	391276000.0	2796420000.0	1092280000.0	1154930000.0	888530000.0	454291000.0	502261000.0	1625190000.0	333169000.0	2861090000.0	735607000.0	3107790000.0	858933000.0	1276250000.0	969554000.0	2384380000.0	779187000.0	1047520000.0	990948000.0	1540470000.0	1525730000.0	581293000.0	5134910000.0	904306000.0	5410830000.0	914250000.0	559441000.0	888103000.0	2826860000.0	504482000.0	972786000.0	668890000.0	457961000.0	1362780000.0
A0A075B6S5	KV127_HUMAN	IGKV1-27		2	1	87566600.0	60012000.0	41236400.0	31762300.0	37929000.0	55454000.0	34005500.0	91658900.0	176761000.0	58150500.0	16917900.0	48903000.0	169646000.0	28299800.0	80010400.0	129927000.0	74401900.0	214312000.0	17596800.0	113650000.0	35438500.0	46095600.0	35534900.0	148232000.0	48640900.0	58365800.0	22553700.0	24255300.0	214356000.0	96361000.0	74900400.0	48896600.0	26474000.0	23839100.0	131214000.0	22593400.0	127590000.0	44291600.0	159290000.0	145090000.0	39179500.0	58424000.0	127781000.0	22080200.0	67648200.0	56515200.0	106102000.0	89181100.0	25814100.0	642389000.0	44110300.0	326478000.0	42045800.0	36519900.0	74702700.0	54991100.0	33480100.0	76266400.0	42636500.0	28569100.0	134679000.0
A0A075B6S6	KVD30_HUMAN	IGKV2D-30		1	1		378958.0								1518740.0		530387.0			3394940.0		693458.0	1236570.0		2026510.0	2890740.0	377330.0	504585.0			428821.0		507845.0	2171360.0			1124700.0					3440950.0				1488240.0		1703240.0				1342990.0			10307300.0		4125990.0	679244.0		1249590.0		151104.0				1194640.0
A0A075B6S9;P0DSN7	KV137_HUMAN;KVD37_HUMAN	IGKV1-37;IGKV1D-37		1	0			4297050.0							7502530.0		3892040.0	4617960.0			8207480.0	3066200.0	2801310.0	2900370.0	8637250.0				117459000.0	2964200.0					2956530.0					11311600.0								5645780.0	881248.0							2768740.0		1327640.0				2321380.0			1634270.0
A0A087WSX0	LV545_HUMAN	IGLV5-45		3	1	2495710.0	9799240.0		2947650.0	4946530.0	6553450.0	4961450.0	11431300.0	8495750.0	3082950.0	2350250.0	5135900.0	4068070.0	2594150.0	4813700.0	6850710.0	4720400.0	4660800.0	1596600.0	4216440.0	2557250.0	5591660.0	1874440.0	6296960.0	5364420.0	2459470.0	1971750.0	1880750.0	21972000.0	6597040.0	9945620.0	1387200.0	1869320.0	1900450.0	4481020.0	797793.0	11668200.0	6762900.0	9897900.0	9046550.0	3566370.0	7364680.0	12449100.0	2175540.0	6214100.0	4492220.0	6573710.0	6013720.0	2468920.0	17666000.0	1593070.0	22065000.0	3676500.0	5224320.0	5839990.0	6154090.0	2252270.0	4671810.0	2098920.0	2101910.0	3583260.0
A0A087WSY4	HV432_HUMAN	IGHV4-30-2		2	2	10260500.0	21102000.0	10335200.0	3936910.0		25227900.0	17696000.0	20673500.0		33073000.0	7923710.0	17966100.0	40643600.0	9643340.0		25555600.0	7697380.0	34078300.0	15170100.0	24148700.0	16239000.0	27619100.0	11138800.0		16673500.0	20593200.0	228134000.0	9624060.0	9728390.0		15771200.0		11392100.0	205329000.0		9587490.0	17311000.0	12735400.0		11684000.0			13353400.0	22735600.0	22939000.0	8638880.0	25300300.0	27686000.0			27992400.0	45307500.0		10497500.0	16218800.0	48137700.0	6399280.0	24752000.0		24786100.0	31253200.0
A0A087WSY6	KVD15_HUMAN	IGKV3D-15		2	1	28023800.0	26651700.0	23096700.0	9533390.0	32094600.0	28437700.0	17617700.0	41859900.0	19017000.0	28495700.0	23011600.0	21121300.0	65762000.0	28184700.0	25715200.0	67210400.0	96706500.0	84499700.0	19934600.0	27644200.0	21370100.0	13211800.0	17302900.0	61686000.0	28227400.0	18485400.0	12824600.0	20891800.0	79814800.0	61739100.0	79308100.0	29603200.0	17600200.0	12882600.0	67596500.0	11966100.0	54761100.0	40943600.0	57730400.0	58996300.0	21472500.0	50269000.0	51365000.0	24509500.0	39160900.0	18949700.0	116422000.0	59989400.0	30478900.0	159919000.0	42307300.0	187741000.0	30222900.0	21820000.0	41965400.0	51167700.0	26412900.0	34335200.0	18587400.0	28972300.0	65752200.0
A0A087WSZ0	KVD08_HUMAN	IGKV1D-8		1	1		38894.2		353148.0					97483.3		315993.0				515279.0		165003.0		134902.0		640018.0	354800.0		385736.0		81846.6	59614.2	289502.0		661301.0		378747.0	87817.8	40065.6						187809.0	438109.0	112039.0			185097.0	119470.0			590736.0		275234.0	141581.0	291403.0	54856.8		813158.0			368259.0	122180.0
A0A087WW87;P01614	KV240_HUMAN;KVD40_HUMAN	IGKV2-40;IGKV2D-40		2	0	772658.0					209971.0	1403850.0	2073990.0	568555.0	255377.0		1928520.0	1579790.0			3324820.0	778625.0	636172.0	615802.0		218043.0	1841450.0	441904.0	7289950.0	533103.0	478997.0		145869.0	3607870.0	495874.0	1150190.0		292996.0		1404110.0	1699360.0	951970.0	1641450.0		1581000.0		1228410.0	1084170.0	437677.0	839722.0	324057.0	2346310.0			1748850.0	1107160.0	1420890.0	257411.0	522432.0	945777.0	136378.0	410609.0		305723.0	291024.0	2248760.0
A0A0A0MRZ8;P04433	KV311_HUMAN;KVD11_HUMAN	IGKV3-11;IGKV3D-11		2	0	408300000.0	857890000.0	278105000.0	357576000.0	469015000.0	430370000.0	278137000.0	528401000.0	393378000.0	438259000.0	170228000.0	491077000.0	764705000.0	279897000.0	765315000.0	719189000.0	539644000.0	2075630000.0	323755000.0	777036000.0	409110000.0	360458000.0	366169000.0	1514170000.0	466998000.0	326332000.0	245272000.0	216353000.0	1197540000.0	1037620000.0	599966000.0	468286000.0	252917000.0	242908000.0	958730000.0	157013000.0	781018000.0	309208000.0	1644080000.0	600599000.0	373117000.0	547040000.0	941087000.0	338158000.0	426120000.0	419839000.0	1369710000.0	703367000.0	478282000.0	2697780000.0	384735000.0	1553010000.0	414168000.0	220902000.0	548978000.0	711814000.0	308977000.0	522383000.0	403863000.0	212186000.0	689121000.0
A0A0A0MRZ9	LV552_HUMAN	IGLV5-52		2	1	2187570.0	1548320.0	2149720.0	367563.0	1281760.0	2636480.0		2793120.0	294219.0	1662920.0	576258.0	1957250.0	7618950.0	1885010.0	741401.0	8890650.0		2574890.0	624006.0	705064.0	854050.0	3229210.0		1623810.0	1736720.0	768338.0	670736.0	2073440.0	39082600.0	4588840.0	1379730.0		922028.0	710198.0	2511010.0	754497.0	4696970.0	380658.0	3207810.0	5308880.0	6250350.0	1112470.0	10571000.0		4570490.0	2037510.0	3139590.0	3566540.0	2699130.0	5997070.0	2181250.0	2731260.0	437892.0	2601070.0	1913100.0	1055270.0		3623540.0	982392.0	2196100.0	8345690.0
A0A0A0MS14	HV145_HUMAN	IGHV1-45		2	2		202245.0		102830.0		174019.0		240862.0	180965.0	154929.0	82446.0		147950.0	137576.0	324252.0	405596.0		367302.0		243601.0				436735.0		78142.6	80920.7		585569.0					122776.0				92820.7					357678.0		92947.2			268785.0	94840.6			798347.0	160977.0	145504.0		220181.0					349907.0
A0A0A0MS15	HV349_HUMAN	IGHV3-49		4	3	32838800.0	31136900.0	13165500.0	19048900.0	39769000.0	16309300.0	39049500.0	101871000.0	82459200.0	14421000.0	16582500.0	18622700.0	34529100.0	9101070.0	63505700.0	73346700.0	60708600.0	110215000.0	20483800.0	38107100.0	27850800.0	30646100.0	14089900.0	62185000.0	52508900.0	29746300.0	8655020.0	27016100.0	60825200.0	36633400.0	34402300.0	18255600.0	35903300.0	6707890.0	54186900.0	24022200.0	91479300.0	63192500.0	83610600.0	76820500.0	33507500.0	52583700.0	45285200.0	35170500.0	20928600.0	71358900.0	60551000.0	35909900.0	27235200.0	253644000.0	24161400.0	103514000.0	49844000.0	10778900.0	26278500.0	12808800.0	20059600.0	24942200.0	9626330.0	16670400.0	26857800.0
A0A0A0MT36	KVD21_HUMAN	IGKV6D-21		1	0	1891450.0	2607670.0	621697.0	568614.0	868251.0	6363780.0	1906290.0	1165550.0	832825.0	3732860.0	683978.0	1394900.0	2068190.0	1370240.0	2046610.0	3359120.0	909763.0	1941100.0	460035.0	1562130.0	2170240.0	5353880.0	5459780.0	3651000.0	1418260.0	1146350.0	591462.0	811839.0	5956630.0			518097.0	7377230.0	606931.0	1537550.0	804853.0	3672000.0	3066820.0	16520100.0	2277530.0	3585940.0	2522890.0	3271040.0	3465680.0	745991.0	1329400.0	2640890.0	955882.0	2170250.0	40897400.0	279077.0	56541600.0	1310410.0	443335.0	3127100.0	976820.0	1045070.0	1680020.0	290277.0	249364.0	7030020.0
A0A0A0MT89	KJ01_HUMAN	IGKJ1		1	1	26574900.0	18908700.0	20430000.0	6318900.0	27354900.0	25632500.0	11668800.0	36493100.0	20915400.0	21068500.0	16054100.0	21929100.0	21817900.0	11324700.0	15050100.0	28771800.0	18513800.0	47660800.0	6561980.0	34905600.0	12938100.0	23903800.0	10284700.0	148330000.0	22020900.0	5926550.0	9876370.0	14749800.0	79887800.0	34398400.0	22445900.0	14244600.0	10075500.0	9099260.0	58024800.0	5986380.0	29218200.0	14719000.0	78220000.0	33447200.0	15542500.0	19227800.0	39512200.0	14003100.0	28682800.0	23439600.0	31322200.0	39063400.0	17480500.0	172081000.0	17929700.0	109865000.0	12541200.0	19328000.0	21610600.0	43419900.0	7614270.0	148938000.0	12411000.0	24708900.0	48743400.0
A0A0B4J1U7	HV601_HUMAN	IGHV6-1		3	3	155103000.0	160753000.0	49761500.0	92685300.0	101400000.0	83470300.0	76668500.0	121280000.0	133434000.0	91797100.0	41308200.0	87554800.0	77470600.0	30074500.0	150070000.0	139907000.0	132116000.0	206520000.0	53840300.0	230127000.0	101612000.0	91317500.0	31633300.0	192855000.0	79135400.0	33738400.0	33133700.0	39754100.0	289259000.0	191720000.0	136793000.0	73375700.0	21854500.0	31225300.0	287790000.0	28430700.0	123262000.0	45859700.0	619829000.0	150550000.0	21244000.0	161397000.0	199301000.0	42439700.0	128646000.0	85330200.0	617163000.0	252421000.0	75617300.0	749362000.0	36685900.0	336013000.0	97812700.0	30550300.0	61696800.0	77119200.0	44901900.0	107036000.0	96144600.0	49047400.0	117029000.0
A0A0B4J1V0	HV315_HUMAN	IGHV3-15		3	3	18795000.0	8994560.0	6712540.0	5534590.0	4047420.0	5943170.0	5357970.0	15388700.0	6832930.0	4672610.0	4012230.0	4229640.0	6123940.0	21942400.0	17682100.0	9839950.0	3795370.0	12630700.0	3590080.0	15737500.0	4896140.0	10278200.0	3402020.0	23377000.0	12083700.0	2582850.0	6587260.0	4802100.0	37178300.0	10922100.0	6975050.0	8953450.0	777547.0	6047140.0	21046300.0	1603700.0	10009500.0	5527190.0	23634300.0	10034400.0	6077650.0	13086400.0	17160000.0	3897880.0	4252920.0	10053700.0	12212100.0	3039640.0	5933220.0	82802800.0	5905170.0	56476700.0	3294700.0	6480440.0	6820330.0	4924150.0	6686700.0	4581980.0	7905800.0	7154450.0	8560060.0
A0A0B4J1V2	HV226_HUMAN	IGHV2-26		3	3	6463200.0	9641990.0	5056270.0	3168140.0	6504080.0	12117200.0	6302960.0	10580300.0	11605200.0	4202060.0	5162960.0	4642740.0	10436800.0	9558760.0	14980100.0	29008200.0	23301300.0	12333800.0	4412100.0	14852800.0	9699490.0	11076900.0	4609520.0	58726000.0	6557550.0	6420580.0	2355150.0	3053170.0	57976200.0	32624300.0	12272600.0	10051200.0	4847880.0	1738140.0	13297500.0	5347420.0	28721800.0	14579900.0	18189400.0	15615000.0	13751500.0	9945770.0	26588400.0	5687900.0	9115490.0	8907880.0	21573700.0	6938720.0	8812950.0	69442400.0	10508300.0	46900800.0	11467200.0	5190410.0	7613420.0	7139370.0	4672490.0	13108400.0	12842400.0	3871070.0	12556700.0
A0A0B4J1V6	HV373_HUMAN	IGHV3-73		1	1			439730.0		534743.0				772540.0						651140.0			2007600.0	988824.0	239366.0	682856.0			2622310.0			329524.0	541770.0				894799.0		316529.0	1568380.0				1043860.0			654817.0			827295.0	1993410.0	1533150.0					3112000.0	687222.0	625391.0			4579670.0		468481.0	649756.0	905887.0
A0A0B4J1X5	HV374_HUMAN	IGHV3-74		4	2	95761700.0	121680000.0	110817000.0	99709800.0	103776000.0	116956000.0	116602000.0	185338000.0	128624000.0	133450000.0	54165900.0	142307000.0	141244000.0	93729600.0	234466000.0	228989000.0	157369000.0	204157000.0	65257100.0	215157000.0	98331500.0	131729000.0	80405700.0	253340000.0	131254000.0	75693000.0	88138600.0	70889000.0	393979000.0	207176000.0	291759000.0	151761000.0	62134400.0	78890300.0	344846000.0	43003200.0	310769000.0	76659500.0	346773000.0	175641000.0	117661000.0	131866000.0	393154000.0	61422000.0	165899000.0	137824000.0	214053000.0	221402000.0	68615200.0	912885000.0	90444700.0	600128000.0	90272200.0	104744000.0	146085000.0	182135000.0	85656900.0	137077000.0	120001000.0	112880000.0	271418000.0
A0A0B4J1Y8	LV949_HUMAN	IGLV9-49		4	4	17325000.0	18466500.0	724166.0	27383100.0	18275800.0	17010900.0		2082290.0	3881810.0	17891300.0	9904390.0	1635940.0		5903540.0	11312800.0	32992500.0	45812200.0	26418200.0	3452650.0	10662900.0	4872390.0	7323010.0	7154320.0	82936000.0	24582700.0	1044690.0	3487440.0		35710400.0	38322200.0	19338900.0	17355000.0		3830370.0	3039490.0	3544840.0	29110900.0		74935800.0	59431100.0	14195400.0	22067000.0	32683000.0	12265000.0	18874100.0	18375000.0	7677770.0	4314130.0	5184300.0	110136000.0	15966100.0	99299700.0	4784120.0	5905160.0	1849660.0	4026940.0	5499450.0	101176000.0	3368690.0		31291300.0
A0A0B4J1Y9	HV372_HUMAN	IGHV3-72		5	4	282624000.0	325457000.0	272926000.0	164009000.0	375491000.0	275556000.0	282631000.0	254029000.0	351770000.0	357705000.0	177216000.0	231213000.0	349020000.0	273293000.0	349896000.0	419652000.0	340902000.0	358908000.0	115394000.0	482606000.0	189034000.0	230974000.0	180094000.0	610367000.0	309716000.0	121052000.0	184800000.0	132247000.0	1124240000.0	605237000.0	295113000.0	341794000.0	97480400.0	158134000.0	744248000.0	61905200.0	532767000.0	175111000.0	1028130000.0	347073000.0	220282000.0	278050000.0	693799000.0	172179000.0	289645000.0	312448000.0	375189000.0	566222000.0	203151000.0	1763610000.0	182479000.0	1252190000.0	207144000.0	161755000.0	210883000.0	463946000.0	194560000.0	204525000.0	219528000.0	182183000.0	455067000.0
A0A0B4J2D9;P0DP09	KV113_HUMAN;KVD13_HUMAN	IGKV1-13;IGKV1D-13		2	0	6285230.0	7084180.0	10340500.0	28752800.0		103478000.0	8607300.0	9295380.0		90879100.0		22599600.0	18786100.0	11263000.0	79520000.0	37245000.0	6442060.0	18707800.0		82406700.0	13113200.0	226924000.0	45707000.0	25141800.0		47620200.0	4467640.0	4769160.0	28930000.0	257002000.0	10733600.0		8004320.0	3934070.0	245762000.0	4473720.0		12684100.0	11308800.0		8501780.0	18886400.0		8516130.0	6161890.0	5412270.0	8302940.0		3994490.0	33786500.0	76429400.0	59264000.0	4465520.0	5427000.0	6721710.0	12402100.0		8003400.0	65112100.0	7327840.0
A0A0C4DH24	KV621_HUMAN	IGKV6-21		2	1	8275380.0	17490300.0	3512860.0	4767670.0	4321440.0	5068540.0	6245340.0	12854100.0	5923300.0	11667300.0	1844230.0	7420170.0	9027030.0	4513790.0	8396560.0	16533600.0	5426580.0	9248450.0	4560770.0	5567780.0	4474640.0	7651320.0	8977990.0	27366900.0	6283530.0	4978510.0	3880250.0	10195400.0	12201600.0	9041860.0	6000070.0	5093530.0	5504000.0	3975080.0	71653700.0	4818890.0	9637530.0	6251930.0	27820000.0	10027000.0	1405330.0	17936000.0	24592200.0	2819020.0	11281800.0	8781080.0	15675100.0	23940800.0	3496390.0	22546900.0	6983780.0	21890800.0	1343870.0	4876610.0	9157360.0	5082160.0	6154160.0	10344200.0	6335540.0	3645610.0	9597840.0
A0A0C4DH25	KVD20_HUMAN	IGKV3D-20		4	2	1292030000.0	1307330000.0	1271470000.0	626178000.0	1139780000.0	1077520000.0	745782000.0	1562710000.0	863013000.0	1060370000.0	675738000.0	865824000.0	1832500000.0	1065510000.0	1046430000.0	3284110000.0	1296340000.0	3017240000.0	835688000.0	1620800000.0	783103000.0	828515000.0	870466000.0	1890570000.0	1159430000.0	493516000.0	654021000.0	716293000.0	3852260000.0	1899100000.0	1385530000.0	699598000.0	551395000.0	688234000.0	2398630000.0	289724000.0	1822650000.0	923233000.0	3289200000.0	1608600000.0	857206000.0	1425600000.0	3205290000.0	713828000.0	1745180000.0	901711000.0	2270650000.0	3085730000.0	1196280000.0	6221240000.0	914363000.0	4677270000.0	741038000.0	706487000.0	1226710000.0	1546800000.0	989756000.0	1377540000.0	1354660000.0	1019700000.0	1909490000.0
A0A0C4DH29	HV103_HUMAN	IGHV1-3		1	1		3195650.0							1318110.0		972532.0	1142570.0				4569580.0				2898060.0				3359280.0		671280.0	902503.0		3017000.0					962182.0							2197860.0	3390440.0	3624240.0	609703.0				1933390.0	574639.0		2326370.0								2906820.0		1448830.0
A0A0C4DH30	HV316_HUMAN	IGHV3-16		1	1							258295.0	1552700.0		237780.0																			516099.0			829639.0			261544.0								404205.0			832738.0	1003700.0				143353.0	574237.0		273694.0						92924.1	1498560.0
A0A0C4DH31	HV118_HUMAN	IGHV1-18		2	2	1306230.0	1783800.0	849719.0			1474860.0	1039870.0	1448250.0	1955440.0	796216.0	877727.0		1070610.0	882630.0	1793260.0	4152420.0	1933970.0	4179000.0	1142310.0	1756060.0	1216170.0	1520770.0	1131020.0	4023490.0	576351.0	1205900.0		932188.0	6574660.0	1261170.0	2351230.0	670569.0	506578.0	321610.0	2199780.0	673718.0	1895570.0	1544970.0		1988910.0	1095280.0	1738880.0	2393890.0	1243390.0	1673260.0	1452240.0	2864400.0		970108.0	5305700.0	578284.0	6279160.0	1088230.0	567079.0	1418980.0		502327.0		871685.0	700301.0	2188960.0
A0A0C4DH33	HV124_HUMAN	IGHV1-24		5	4	1783010.0	3555990.0		3614590.0	1215470.0	2794600.0	532697.0	2512550.0	11032300.0	4576200.0		4437720.0	1350510.0	1659080.0	2844090.0	10099500.0	2286810.0	10521500.0	716355.0	6009740.0	2297400.0	1776990.0	1013270.0	149948000.0	2019480.0	843538.0	1557040.0	819128.0	13234500.0	6608830.0	958547.0	546244.0	1012380.0	1671870.0	6783850.0	2888670.0	6258480.0	1949830.0	4833410.0	2740130.0	686850.0	3642170.0	8949370.0	645500.0	3079740.0	2188580.0	6241070.0	1328850.0	1699320.0	14672100.0	1423220.0	5586750.0	1898400.0	542656.0	1472160.0	3142330.0	3018000.0	2925850.0	2539810.0	793900.0	4104780.0
A0A0C4DH34	HV428_HUMAN	IGHV4-28		1	1	23328900.0	49704800.0	21156300.0	9143680.0	25061800.0	43208500.0	13267200.0	27658100.0	18251300.0	22192400.0	12975500.0	17353400.0	30985400.0	17167300.0	37952900.0	59457600.0	37351300.0	78659500.0	13498900.0	37044300.0	38323000.0	23997800.0	15940800.0	37512200.0	19750300.0	8724480.0	17921100.0	18379000.0	55070100.0	38439700.0	46431100.0	22754000.0	14638800.0	19200300.0	67754400.0	5662420.0	32172000.0	16516700.0	40690100.0	42060700.0	25075200.0	27762100.0	58564500.0	19271000.0	24826000.0	23978500.0	43712200.0	33020000.0	24577400.0	85203300.0	17315500.0	106489000.0	16609000.0	11005300.0	36762500.0	39033900.0	17913000.0	44238900.0	21761200.0	17693900.0	27338500.0
A0A0C4DH35	HV335_HUMAN	IGHV3-35		2	2	6432480.0		1993590.0	1088630.0	6128760.0	12154300.0	3604200.0	9610670.0	3113470.0	5694080.0	3424740.0	5803860.0	5653570.0	5411530.0	3630260.0	14152500.0	3446310.0	12691800.0	3666510.0	8780030.0	10706100.0	3111260.0	5652160.0	7492360.0	1890430.0	2649980.0	1186500.0	4382760.0	19426300.0	14755400.0	11651400.0	5984390.0	1070700.0		9187030.0		10395700.0	3474770.0	11592000.0	16109700.0	3010450.0	5063430.0	9699300.0	2163750.0	3971050.0	2884150.0	10085600.0	18076600.0	3172360.0	25474900.0	2543690.0	21502800.0	2207790.0	2426110.0	2196370.0	3179320.0	3405160.0	8667820.0	4038970.0	3265970.0	2677520.0
A0A0C4DH36	HV338_HUMAN	IGHV3-38		2	1	5533110.0	12503300.0	12700800.0	10265100.0	20111000.0	18181700.0	15006900.0	22754800.0	8105130.0	22613400.0	5699500.0	14509500.0	16382400.0	12006000.0	19406800.0	16225500.0	11427100.0	20345500.0	11518100.0	18486800.0	9952680.0	14302800.0	8013460.0	27457600.0	9752620.0	6261200.0	5891170.0	6658000.0	45046800.0	19758200.0	46682800.0	15806300.0	10849000.0	5432030.0	32509000.0	3672490.0	23931700.0	5284920.0	29981500.0	21296100.0	18479200.0	15848100.0	43483800.0	6799270.0	17984300.0	29653500.0	19418600.0	23205600.0	9605030.0	48617900.0	9874920.0	43442600.0	9372980.0	11426500.0	19744700.0	19364700.0	7711060.0	6965330.0	8446390.0	9034160.0	27335500.0
A0A0C4DH38	HV551_HUMAN	IGHV5-51		4	3	51019800.0	53020200.0	34315300.0	13135200.0	49458400.0	73916200.0	22417200.0	62229500.0	38165300.0	47035700.0	19001500.0	31897400.0	73025200.0	49718700.0	34472100.0	132272000.0	36543600.0	95272200.0	15150000.0	86783000.0	54508400.0	34063300.0	31972000.0	196703000.0	39195700.0	27366400.0	18129100.0	23416400.0	149399000.0	83587000.0	78245000.0	43093600.0	11171300.0	18024400.0	85698300.0	18794300.0	68918700.0	28761300.0	109815000.0	54032300.0	18064700.0	64965800.0	121024000.0	23173100.0	39537000.0	37052300.0	100410000.0	45845900.0	27818800.0	223387000.0	36333300.0	236098000.0	33586000.0	28658900.0	65558900.0	52962800.0	16862600.0	68766100.0	48306900.0	42041100.0	33464000.0
A0A0C4DH39	HV158_HUMAN	IGHV1-58		1	1																																											63335.7
A0A0C4DH43	HV70D_HUMAN	IGHV2-70D		4	3	122443000.0	44301400.0	65972500.0	15294200.0	134350000.0	114621000.0	89432400.0	67050600.0	56434100.0	6327190.0	21644300.0	30460500.0	65340900.0	49138600.0	26002900.0	86400400.0	97670000.0	79995100.0	18920400.0	111199000.0	35324100.0	3342360.0	47238500.0	162414000.0	79200900.0	30415600.0	23450100.0	13757200.0	398891000.0	131498000.0	151323000.0	38536000.0	46825600.0	22735100.0	87323400.0	28123900.0	122673000.0	98166300.0	9161860.0	193996000.0	35234900.0	74071800.0	140636000.0	3155910.0	48600400.0	5722230.0	100595000.0	203669000.0	7852220.0	754719000.0	8857320.0	10222800.0	34503300.0	28736100.0	126260000.0	113693000.0	25149800.0	5002270.0	22841600.0	55494300.0	114079000.0
A0A0C4DH67	KV108_HUMAN	IGKV1-8		1	1	2734130.0	1564410.0	1050560.0	1006480.0	2463960.0	841311.0	1862570.0	7135510.0	1003260.0		617066.0	1043990.0	1226790.0	3465860.0	1976200.0	2509100.0	4508910.0	8605260.0	1588740.0	511140.0	2006440.0	1484610.0	275774.0	3881180.0	899356.0	295004.0	538421.0	482791.0	4089160.0		962866.0	12420500.0	1184080.0	545264.0	511231.0	1029760.0	2177120.0	258671.0	7502340.0	4344280.0	819453.0	1231830.0	9463710.0	589691.0	1490160.0	1667600.0	3052390.0	1648930.0	346463.0	14508500.0	332451.0	6313410.0	404275.0	499049.0	3458340.0	587594.0	821931.0	966723.0		950247.0	8108440.0
A0A0G2JS06	LV539_HUMAN	IGLV5-39		1	1		960992.0		872641.0		2025840.0	3629680.0		1897220.0		473882.0	212149.0	664250.0		1363130.0	1496120.0	619377.0	1640440.0		621009.0	1265280.0	1660510.0		2201240.0		618389.0	564855.0		3513140.0	672207.0		860152.0		481432.0			2448200.0	574917.0		1470920.0			2899370.0		1302790.0	895400.0		1685910.0			648360.0	8172840.0	1280350.0			1501040.0		185897.0	789914.0	5905170.0
A0A0J9YX35	HV64D_HUMAN	IGHV3-64D		1	1	20847500.0	8221480.0	6820850.0	11934600.0	5705160.0	12709100.0	14137500.0	20358500.0	13608900.0	18083600.0	8818120.0	15907700.0	14499400.0	11897700.0	29071800.0	23603900.0	15477800.0	36214300.0	5296190.0	21942200.0	15708300.0	15691600.0	8031960.0	28524100.0	13937700.0	7227500.0	14320800.0	8476930.0	54711000.0	30770800.0	79385200.0	11563400.0	3337870.0	12799000.0	35551200.0	6165950.0	27419600.0	9312870.0	26631300.0	23839700.0	12460700.0	24343100.0	43330600.0	8256600.0	15398100.0	25304800.0	25753200.0	19709700.0	9163680.0	91290400.0	10884600.0	61277700.0	6560680.0	11554000.0	17694700.0	12224700.0	11744900.0	12154100.0	14183700.0	8453460.0	37825000.0
A0A0J9YXX1	HV5X1_HUMAN	IGHV5-10-1		2	2	37573600.0	32917300.0	22412600.0	4700910.0		24350600.0	29090900.0	31662600.0	17577700.0	20295000.0	13465800.0	15561300.0	43753500.0	14988100.0	19458500.0	128663000.0	6203050.0	61344900.0	8752830.0	21567200.0	22598700.0	1057450.0	3973580.0	110104000.0	27433200.0	1383150.0	14230200.0	9167440.0	92894100.0	107764000.0	23360400.0	16933700.0	2604750.0	15979700.0		23942700.0	7700070.0	5210130.0	63605200.0	4261000.0	3395270.0	40430300.0		8462040.0	2789850.0	26296500.0	59095900.0	15166300.0	30571900.0	11974500.0	1460180.0	95031900.0		11941400.0	58576500.0	7051310.0	21781600.0	26726600.0	25921600.0	27740600.0	24971500.0
A0M8Q6	IGLC7_HUMAN	IGLC7		7	4	559503000.0	844651000.0	621525000.0	340915000.0	1216940000.0	934233000.0	994517000.0	1187350000.0	641986000.0	835610000.0	374676000.0	701836000.0	1122600000.0	610512000.0	410610000.0	1028730000.0	971680000.0	1864630000.0	291860000.0	621112000.0	582247000.0	489465000.0	355962000.0	1855390000.0	710672000.0	593491000.0	330433000.0	315574000.0	2999710000.0	1357920000.0	897003000.0	958289000.0	364169000.0	299628000.0	1248240000.0	213207000.0	1334620000.0	563884000.0	2334500000.0	1035720000.0	533647000.0	747052000.0	2308860000.0	468577000.0	832020000.0	647884000.0	1099290000.0	1054830000.0	408418000.0	5154580000.0	745591000.0	3083940000.0	563161000.0	322018000.0	784897000.0	1153190000.0	309234000.0	745078000.0	555092000.0	608070000.0	1021840000.0
A1L4H1	SRCRL_HUMAN	SSC5D		7	7	3931060.0	4826680.0	4585020.0	5933740.0	4341530.0	3772430.0	6373830.0	4053150.0	4998320.0	3040480.0	2734430.0	5591950.0	6293750.0	3996070.0	3126180.0	7034810.0	7597310.0	3538740.0	3747890.0	5572300.0	3859460.0	2954680.0	3354840.0	6854830.0	7244250.0	4551010.0	2723320.0	2931310.0	5910280.0	4640850.0	5238750.0	3783200.0	4291720.0	2288060.0	5200070.0	4939590.0	7336230.0	3225840.0	9399160.0	5076450.0	3424430.0	3657360.0	5351010.0	3602830.0	5236100.0	7015020.0	6655100.0	8069780.0	3621510.0	7177690.0	3576460.0	6483010.0	3829200.0	3592210.0	3113760.0	2691310.0	3292680.0	4768990.0	3471050.0	2663390.0	5311800.0
A2NJV5	KV229_HUMAN	IGKV2-29		1	1						8287360.0																8252580.0																	28909700.0		5540050.0			5054170.0							11415100.0	38302300.0	154052.0	378436.0
A2RU67	F234B_HUMAN	FAM234B		4	4	494878.0	494537.0	725862.0	565031.0				166735.0	971897.0		1152640.0			742437.0	613054.0				927236.0	310645.0	596097.0	1230980.0	634089.0	616641.0	532259.0		275975.0	494550.0				592875.0	633792.0	321438.0		783029.0	212588.0	843296.0		433078.0	863743.0	370084.0		598795.0	759617.0		583226.0	711914.0	610299.0		579616.0		741285.0	763676.0		605591.0	784718.0		656238.0	432013.0
A6BM72;A6BM72-2;A6BM72-4	MEG11_HUMAN	MEGF11		1	1	1764640.0	1263310.0	563903.0	1310950.0	1846470.0	512479.0	624465.0	776720.0	1191640.0	826264.0	692232.0	1023890.0	753877.0	952297.0	2507430.0	996975.0	1376750.0	1158070.0	2219270.0	1112750.0	1886460.0	1057080.0	1218550.0	1006120.0	1554610.0	1276480.0	1390360.0	1550390.0	1050330.0		1343180.0	1192040.0	1094090.0	1179540.0		1016290.0	1331020.0	1746850.0		1233300.0	1039360.0	2403000.0	1213210.0	1713840.0	860629.0	1557610.0	930440.0	1742950.0	1735130.0		1002050.0		1690190.0	971527.0	1354130.0	444917.0	1245750.0		1035000.0	461784.0	1805010.0
A6NC62	RAKDN_HUMAN	RBAKDN		1	1		374117.0		638409.0		804038.0	707124.0		468554.0	456382.0	426263.0	1965700.0				1021140.0	991436.0	788560.0	280038.0	420846.0	564140.0	442687.0	902337.0	554505.0	1081750.0	552698.0	785597.0	435336.0	915590.0		441662.0	437497.0	387366.0	663855.0		924466.0	1148560.0	1311970.0			317715.0	1388550.0		484814.0	487686.0			785045.0	461465.0		243762.0	752756.0		1244530.0	991753.0		491525.0		106094.0	510562.0	847722.0
A6NCE7;Q9GZQ8	MLP3B_HUMAN;MP3B2_HUMAN	MAP1LC3B;MAP1LC3B2		1	0	962932.0	471732.0	466257.0	1112960.0	950693.0	521547.0	1167210.0	898120.0	1246240.0	383576.0	1280800.0	1528360.0	1047680.0	343196.0	1308830.0	1453990.0	1807130.0	1267470.0	986890.0	1233710.0	1592000.0	965364.0	1138500.0	899000.0	1113460.0	1550720.0	1364800.0	1395020.0	1133560.0	746808.0	972009.0	1189700.0	1208180.0	1150280.0	1039530.0	1396970.0	1391210.0	1435580.0	809364.0	1016370.0	1377280.0	1476970.0	1216090.0	1085010.0	1073780.0	1603150.0	1070480.0	1205140.0	1281260.0	1276080.0	974275.0	1180460.0	1725200.0	785428.0	1070460.0	488479.0	610229.0		1132370.0	793383.0	1431850.0
A6NCL7	AN33B_HUMAN	ANKRD33B		1	1																																				38606.2
A6NDG6	PGP_HUMAN	PGP		1	1												28945.3																										102263.0			33851.0				46473.1
A6NGN9	IGLO5_HUMAN	IGLON5		6	6	12035600.0	8751830.0	9557330.0	12238400.0	8577700.0	8644880.0	9659880.0	8515360.0	7996710.0	8497210.0	9932380.0	10303300.0	9863670.0	9948660.0	10249300.0	9435290.0	8370860.0	10576400.0	9249000.0	8199610.0	9828460.0	8576870.0	9527150.0	9171520.0	9177050.0	13387500.0	11385100.0	10243000.0	11612200.0	6010630.0	8128960.0	8675680.0	10997700.0	10487500.0	10465100.0	9475040.0	9438300.0	8922220.0	7579650.0	7421110.0	9582900.0	10994100.0	7712170.0	12585700.0	9071950.0	8688880.0	10959400.0	7749110.0	7884390.0	10146100.0	9193840.0	10038800.0	9639660.0	9476650.0	9850440.0	7444960.0	13997300.0	8535680.0	9759010.0	10149200.0	11462700.0
A6NHL2;A6NHL2-2	TBAL3_HUMAN	TUBAL3		1	0		143007.0							108738.0	189907.0	95539.4				148721.0	336468.0	62430.2	302813.0	79920.6		174381.0	50843.2	223199.0	92641.5	58576.7										84761.6	38507.3	262516.0	205248.0			206506.0			198352.0	132191.0	113573.0	44994.9		218484.0		66764.9		106942.0			2776490.0					160435.0
A6NKN8	PC4L1_HUMAN	PCP4L1		2	2		66930.2	93700.7	67593.2					52836.8	71300.7	83689.5	66117.6			43809.7				50674.9		61116.6	45076.2	39258.8		51360.1	73297.4	91341.2				40243.6	89427.7	31453.8	76857.4		42812.5		53748.2			91949.7			75573.9					74456.6				52544.8	46273.2					49615.5		80617.3
A6NL88	SHSA7_HUMAN	SHISA7		2	2	3035730.0	2171870.0	1894560.0	3158670.0	1686360.0	2277220.0	3433800.0	2375630.0	2364950.0	1830350.0	2368500.0	2286030.0	3990290.0	3152240.0	2377010.0	2595200.0	2933570.0	2941180.0	1824580.0	2627610.0	2262370.0	1914250.0	2273060.0	2165120.0	2616420.0	2009810.0	2310420.0	1836100.0	2569600.0	2427900.0	2762810.0	3083090.0	2770220.0	1950910.0	1823260.0	2885620.0	2028010.0	2072090.0	3464890.0	3549700.0	1996660.0	2261860.0	2009800.0	2219950.0	2512390.0	2804940.0	2695250.0	1974670.0	2101920.0	3875800.0	2939910.0	3179900.0	1987130.0	3036600.0	3052280.0	3450250.0	2444830.0	1186230.0	2390200.0	2982100.0	2350320.0
A6NLU5	VTM2B_HUMAN	VSTM2B		7	7	66180700.0	46438300.0	63007200.0	52189800.0	41752900.0	46798800.0	60156500.0	45447700.0	60418500.0	46890200.0	42679800.0	61401600.0	49516000.0	72202100.0	65863400.0	53337300.0	76839300.0	59366500.0	44632200.0	49185600.0	58206100.0	57228300.0	45129300.0	36695400.0	50340000.0	81690300.0	51955200.0	52473300.0	54678100.0	48406300.0	44233200.0	48723500.0	65175300.0	50774500.0	42729700.0	73375200.0	40035400.0	67690400.0	43178700.0	55227900.0	45321900.0	55268600.0	40929400.0	49538700.0	50762000.0	70769000.0	55611100.0	35654600.0	45150400.0	51857900.0	50585800.0	63734300.0	43394500.0	57294200.0	48592500.0	61103700.0	55116800.0	55031700.0	48662300.0	74474100.0	34372800.0
A8MTW9	YB043_HUMAN			1	1		442677.0		416802.0			862717.0		217341.0		189280.0	341779.0	639541.0		239235.0		524859.0	368807.0	114853.0		209485.0	177583.0	363239.0		515682.0	438461.0	223678.0	574128.0		469352.0		351335.0		282533.0		322176.0	939859.0	237457.0			396646.0	240592.0	588464.0	407229.0	516647.0				146127.0	931507.0			378501.0	400493.0	300060.0	206345.0	360271.0		322485.0		975919.0
B1AJZ9;B1AJZ9-4	FHAD1_HUMAN	FHAD1		1	1			185384.0	126444.0	214025.0	289671.0	1468770.0	2597620.0	403418.0															648940.0	255095.0	162407.0			1363350.0	389427.0	336390.0	1498030.0				367477.0	2253030.0		864106.0	507385.0					269653.0		1420070.0	5404670.0		4293850.0		2846120.0		176176.0	278242.0	600225.0			156790.0
B4DS77;B4DS77-2	SHSA9_HUMAN	SHISA9		3	3	115168.0			31736.1		28058.4		124394.0	59259.7		50528.7	74170.5			47843.1		75363.7		93092.8	30702.3	69560.2	96215.0	71429.2		66593.3	26517.3	88753.8	75107.6				56595.5	113093.0	91190.5		143283.0		140946.0			43599.4	45568.0		58532.5		117208.0			19939.1		53348.0		45651.4	131972.0		38495.2	58438.6		31439.6	27590.2
B9A064	IGLL5_HUMAN	IGLL5		5	2	394379000.0	415741000.0	315137000.0	154692000.0	559476000.0	298836000.0	375519000.0	553284000.0	391407000.0	399968000.0	165443000.0	486920000.0	682141000.0	343289000.0	312905000.0	546584000.0	547533000.0	910768000.0	196264000.0	181850000.0	442055000.0	190545000.0	169423000.0	943839000.0	442281000.0	254714000.0	314074000.0	205578000.0	1441320000.0	607570000.0	419582000.0	511331000.0	180249000.0	315822000.0	876772000.0	124997000.0	609051000.0	336780000.0	1228460000.0	819387000.0	263721000.0	830578000.0	866691000.0	275437000.0	456354000.0	434550000.0	480009000.0	499363000.0	255653000.0	3247370000.0	288929000.0	1472240000.0	392146000.0	196926000.0	416941000.0	584074000.0	226753000.0	559550000.0	211234000.0	268313000.0	603613000.0
C9JVW0	INAM1_HUMAN	INAFM1		1	1	22741700.0	27106000.0	16397300.0	23310500.0	25079400.0	30475100.0	12778500.0	24556300.0	17174300.0	26453100.0	23546900.0	16565500.0	19514900.0	32333600.0	24324500.0	19964100.0	21371800.0	34130700.0	23158400.0	23268000.0	23061800.0	16002400.0	21015700.0	15852800.0	15824600.0	25139900.0	23760300.0	27373900.0	21950300.0	27093200.0	21963400.0	25348000.0	19384700.0	22216100.0	23227400.0	19219300.0	17086400.0	12362000.0	32674900.0	23103300.0	20812100.0	25794700.0	26154200.0	24328300.0	21104200.0	21952700.0	17608500.0	21725800.0	23416800.0	18967600.0	22079600.0	25922600.0	24978500.0	23420600.0	33052800.0	45552000.0	22715900.0	24430900.0	25718300.0	19338900.0	18837400.0
E2RYF7	PBMU2_HUMAN	HCG22		2	2			413445.0		650924.0					1006950.0	204751.0		295464.0											507617.0			174436.0							244613.0					1214780.0								551382.0							531031.0	157309.0
I3L3R5	CCER2_HUMAN	CCER2		7	7	920539.0	850280.0	707101.0	856228.0	705281.0	546098.0	858300.0	778847.0	1064310.0	414672.0	962446.0	1039310.0	700502.0	573619.0	984970.0	869629.0	1290130.0	689190.0	689064.0	901063.0	682382.0	1498700.0	774324.0	471091.0	954597.0	661216.0	1095600.0	799809.0	877659.0	1194220.0	471948.0	968334.0	1363340.0	883965.0	437964.0	1442020.0	554131.0	742944.0	572901.0	814992.0	1275350.0	969304.0	660504.0	769814.0	685678.0	992201.0	822188.0	704742.0	1074160.0	911945.0	683845.0	626004.0	811282.0	784009.0	521802.0	603144.0	1221860.0	269670.0	745688.0	1157710.0	684019.0
O00115;O00115-2	DNS2A_HUMAN	DNASE2		3	3	9445800.0	5196780.0	4629820.0	7366490.0	6342120.0	11126200.0	5337750.0	8517260.0	7058340.0	9974420.0	8896620.0	6663060.0	6898330.0	9078880.0	8134640.0	6813050.0	3491800.0	5158850.0	8645230.0	6046190.0	6533940.0	9653400.0	9208510.0	8917400.0	7547240.0	3217360.0	5764620.0	5853100.0	4895140.0	4309840.0	5665450.0	6767470.0	5612150.0	5507950.0	13327900.0	4083920.0	8156970.0	4608010.0	7985060.0	7775250.0	6112830.0	8117020.0	4075650.0	5817810.0	7531840.0	4149770.0	9990200.0	9215260.0	7150920.0	7098020.0	7519320.0	7173490.0	5484490.0	5621930.0	6591400.0	6668830.0	10209400.0	9003200.0	6152530.0	6219990.0	6923540.0
O00187;O00187-2	MASP2_HUMAN	MASP2		3	3	2087620.0	848244.0	532545.0	1072390.0	857221.0	2060180.0	1635510.0	2681970.0	1775120.0	2752910.0	701626.0	3197740.0	1854460.0	941495.0	3200800.0	3138260.0	4426620.0	1467180.0	1150120.0	1400870.0	1263170.0	1095920.0	807550.0	6000630.0	6046610.0	1859800.0	755195.0	912576.0	7862490.0	4378810.0	2121090.0	2034430.0	1556060.0	574436.0	1818140.0	484125.0	3752110.0	2967430.0	650826.0	3639280.0	754890.0	1379300.0	2106030.0	277375.0	2014250.0	5052260.0	3431880.0	2864200.0		9149000.0	669236.0	7993360.0	929755.0	591215.0	735184.0	3921370.0	1353040.0	499955.0	742300.0		3145060.0
O00244	ATOX1_HUMAN	ATOX1		2	2			753439.0	727907.0		755940.0	622785.0	484432.0	521285.0	518847.0	632161.0	516760.0	484520.0	773150.0					605928.0		448759.0	389283.0	437999.0		812802.0	726340.0	873014.0	505155.0			425896.0		669080.0		451790.0	845396.0		765570.0		553713.0	575803.0	472990.0		499302.0	885195.0	702587.0	488403.0		579097.0		678026.0	699156.0	482100.0	555947.0	587591.0	965578.0		473283.0	459912.0	724629.0
O00253	AGRP_HUMAN	AGRP		1	1				4051.21			13756.1										22648.3	107021.0													27635.6					9993.28	20019.0	15586.7				20819.1												3706.65
O00264	PGRC1_HUMAN	PGRMC1		7	6	6646060.0	7037450.0	5478010.0	5275540.0	6788250.0	5609130.0	5204500.0	7057700.0	4819260.0	5132460.0	5482550.0	5419200.0	5910330.0	6177950.0	5486970.0	7527960.0	5418810.0	8748460.0	6591910.0	6057340.0	5630880.0	5616920.0	6134250.0	6493320.0	6151590.0	5655110.0	5715960.0	4402550.0	7226830.0	6168240.0	6793680.0	6072090.0	5029180.0	5744690.0	7169090.0	4976400.0	7527810.0	4422420.0	6880980.0	6299520.0	4875470.0	7609120.0	8090090.0	5423390.0	5409900.0	6461190.0	6695210.0	5079430.0	5497540.0	4563540.0	5063930.0	7225530.0	4517100.0	5937020.0	4863570.0	6516260.0	6973860.0	4862100.0	5576970.0	5037700.0	6452090.0
O00292	LFTY2_HUMAN	LEFTY2		2	2	546852.0		320707.0	301516.0		308905.0	487247.0	647395.0	222121.0	443741.0	288696.0	1174090.0	275198.0	378401.0	470923.0	562708.0	377709.0	549626.0	139650.0	653180.0			323640.0	375184.0	362227.0		235225.0		484317.0	628033.0		230812.0	865344.0		303142.0	176725.0	571600.0		941308.0	222124.0	278078.0	408463.0	511404.0	171244.0	474044.0	378308.0			424832.0				445460.0	364113.0		420860.0	248861.0	215787.0	375296.0	151412.0
O00299	CLIC1_HUMAN	CLIC1		2	2	326505.0	280657.0	236473.0	239841.0		153950.0	490560.0	419494.0	333506.0	323188.0	249161.0	498150.0	295510.0	204057.0	495981.0	702023.0		390669.0	578378.0	298249.0	407632.0	230458.0	432776.0		481348.0	230198.0	576933.0	215338.0		306509.0	654970.0	494391.0	391878.0	496592.0	712020.0	295794.0	555322.0	713092.0		319801.0	511538.0	582014.0	536466.0	359536.0	748420.0	506136.0	553759.0	410709.0	588418.0		251490.0	276031.0	733291.0	247004.0	382274.0	343191.0	570858.0		504598.0	280353.0
O00339;O00339-2	MATN2_HUMAN	MATN2		11	11	2880710.0	1906520.0	2117420.0	1637970.0	2317490.0	1721750.0	2880140.0	3368510.0	2179510.0	2617000.0	2258770.0	2633340.0	2877770.0	2066040.0	2945400.0	5236040.0	2332090.0	2690800.0	3021130.0	2421130.0	2193850.0	2210010.0	2285730.0	2776710.0	3473230.0	1510010.0	2353530.0	1638910.0	3905940.0	2837280.0	3059350.0	3154640.0	1784720.0	2122140.0	4379340.0	1541200.0	4184490.0	1962720.0	3912750.0	2972790.0	1944800.0	2979590.0	3224500.0	1879430.0	2367300.0	1484660.0	2967070.0	2759940.0	1598330.0	5740370.0	1317250.0	2784060.0	2400380.0	2001870.0	2761750.0	1813220.0	3238290.0	1316900.0	2077980.0	1600860.0	3124680.0
O00391	QSOX1_HUMAN	QSOX1		28	28	33864200.0	26834500.0	25632200.0	27016900.0	27846800.0	23707700.0	24893800.0	29926000.0	27835700.0	25505600.0	26849900.0	31745300.0	23779800.0	29374000.0	31881400.0	40193800.0	30156600.0	34429100.0	28483800.0	34838000.0	29364300.0	23400500.0	27005300.0	27778700.0	34366400.0	33202100.0	29696600.0	24402700.0	30906200.0	32927000.0	30089100.0	31331200.0	27420700.0	27856600.0	35326200.0	24326800.0	34344200.0	29184100.0	30190200.0	28964100.0	27886600.0	28147500.0	32731500.0	29402600.0	24131400.0	29215800.0	30729200.0	28264900.0	30597600.0	36941300.0	24783400.0	29626400.0	27237400.0	26209900.0	29396900.0	30460000.0	28808200.0	23187900.0	24450100.0	24181500.0	31611500.0
O00451	GFRA2_HUMAN	GFRA2		8	8	27043400.0	27901900.0	27499700.0	30601800.0	18461200.0	26256300.0	27099000.0	21137500.0	25724100.0	18548800.0	23321300.0	24105400.0	31271800.0	42435000.0	19465700.0	21400300.0	26190100.0	20835100.0	25130600.0	21354100.0	17782200.0	32664000.0	23287800.0	16480300.0	19960800.0	31184200.0	32458900.0	27689400.0	19780000.0	17288000.0	18335100.0	20459000.0	34677800.0	29290100.0	18550800.0	33268800.0	14687100.0	27628800.0	16358100.0	25927400.0	23277900.0	14444400.0	18596900.0	24562500.0	19587100.0	27697700.0	18210300.0	17682400.0	22926000.0	20112100.0	31700600.0	26165300.0	16370800.0	33928200.0	23924500.0	29500300.0	20808400.0	22571200.0	20343500.0	51723100.0	14795400.0
O00461	GOLI4_HUMAN	GOLIM4		17	17	13742700.0	11715900.0	11661500.0	12457300.0	11233000.0	8749500.0	12339000.0	11045200.0	12057100.0	10354900.0	13284900.0	12283800.0	12460200.0	13666800.0	11029600.0	13313600.0	16646100.0	14186200.0	12886300.0	11579900.0	15385900.0	11557600.0	13247600.0	10189300.0	14580600.0	11294500.0	13213800.0	13925200.0	12330900.0	13541900.0	11973200.0	14498100.0	14772000.0	13806500.0	11295900.0	14479100.0	13456000.0	9558910.0	13033400.0	10545300.0	12869900.0	11921400.0	13389000.0	14399300.0	10421900.0	11867300.0	12718400.0	12423400.0	13274100.0	11957100.0	10683200.0	12365200.0	12364600.0	14983100.0	11410900.0	9783490.0	12684700.0	12126600.0	10816000.0	15791600.0	15761400.0
O00462	MANBA_HUMAN	MANBA		19	19	8881700.0	7181180.0	8684890.0	8515870.0	9074780.0	7262350.0	5406200.0	9551350.0	7566900.0	9165810.0	7988260.0	10244800.0	7797630.0	7429560.0	9191030.0	9408340.0	6243690.0	7849380.0	10283800.0	6934890.0	7232780.0	9502400.0	7827140.0	7274900.0	7775360.0	7685330.0	8669620.0	7402620.0	7330420.0	6532660.0	9302980.0	7303520.0	8285230.0	7992300.0	10417300.0	6912700.0	8080500.0	8452940.0	6419020.0	8199390.0	7721260.0	10496900.0	7069830.0	7561510.0	8010520.0	7316480.0	9347180.0	7803400.0	8163810.0	5818360.0	8109720.0	7365620.0	7907680.0	8901840.0	7958230.0	6445210.0	10996000.0	6098990.0	7225880.0	7559040.0	8069670.0
O00468-6	AGRIN_HUMAN	AGRN		27	27	67594800.0	50157300.0	60156900.0	56485700.0	52108800.0	40069500.0	42475800.0	56258300.0	40471500.0	38906000.0	53925500.0	59924100.0	46336400.0	50379900.0	60313500.0	64812800.0	54635500.0	44913400.0	47624200.0	51394800.0	39277600.0	42401700.0	45912700.0	43741700.0	51500800.0	58935800.0	47781300.0	38472000.0	40650800.0	52970500.0	48668100.0	50704300.0	46073800.0	45047600.0	49021200.0	49931200.0	55068900.0	46180700.0	51710900.0	62569100.0	46551500.0	54664600.0	57428400.0	42314000.0	54827200.0	47686200.0	53318400.0	52987700.0	48301200.0	51801200.0	44523800.0	58665400.0	47120600.0	47956700.0	42940200.0	47642600.0	50128400.0	41084000.0	40762800.0	55306200.0	52640500.0
O00469;O00469-2;O00469-3	PLOD2_HUMAN	PLOD2		2	2	123907.0						32524.1	90790.4		51387.2		71880.3		26891.7					83933.2	58397.5		63305.7	97910.1				37787.3	70604.3		40062.4		49649.0	73325.7	39673.1	149403.0	26230.2			57641.9	51895.7	116212.0	77252.2					95725.6	48137.7		74406.5				93227.9	54201.4	49936.1	70638.5		47128.4	66970.9
O00499;O00499-2;O00499-3;O00499-4;O00499-5;O00499-6;O00499-7;O00499-9	BIN1_HUMAN	BIN1		4	4	424540.0	320323.0	606943.0	624285.0		239823.0	642554.0	430121.0	428771.0		385543.0			569291.0	285940.0				478919.0	477243.0	478175.0	345910.0	494317.0		530232.0	534460.0	419719.0	570349.0			316948.0		528452.0	381632.0		1133420.0		701423.0		638620.0	640885.0	320645.0	527915.0	456945.0	537723.0	565868.0		389098.0	384239.0		380466.0		531195.0	482104.0	706104.0	578955.0	378161.0	350480.0	410739.0	740955.0
O00533	NCHL1_HUMAN	CHL1		37	37	236524000.0	382189000.0	293407000.0	359841000.0	270892000.0	265996000.0	273308000.0	202802000.0	339140000.0	240313000.0	312489000.0	242099000.0	275107000.0	313288000.0	243196000.0	288991000.0	322026000.0	283891000.0	262327000.0	254360000.0	217031000.0	314688000.0	265978000.0	222764000.0	262115000.0	381072000.0	310844000.0	239353000.0	255970000.0	204540000.0	225752000.0	275945000.0	282854000.0	283920000.0	238028000.0	330369000.0	182180000.0	309076000.0	262294000.0	281082000.0	275148000.0	201336000.0	254377000.0	276785000.0	265621000.0	297639000.0	205115000.0	275980000.0	239977000.0	266734000.0	313346000.0	280368000.0	211014000.0	320774000.0	235327000.0	295316000.0	260524000.0	370970000.0	249972000.0	383071000.0	210727000.0
O00560;O00560-2;O00560-3	SDCB1_HUMAN	SDCBP		2	2	2337610.0	412981.0	565643.0	859550.0	691087.0		602522.0	1711830.0	993647.0		1291560.0	1219530.0	1332450.0		4082500.0	874599.0			1588770.0	1397340.0	1786710.0	813163.0	2913740.0		2029730.0		2145120.0	1910750.0		2203410.0	1319520.0	1075630.0	870589.0	1854050.0	4066800.0	482669.0	2687620.0	805417.0	1508930.0	831474.0	1913720.0	5122180.0	1561300.0	1076850.0	1451580.0			2033340.0	918466.0		1160700.0		1943040.0	1929610.0	2684200.0		3271580.0		1332200.0	1640960.0	4595400.0
O00567	NOP56_HUMAN	NOP56		1	1		187555.0	161972.0	210877.0	112773.0		402642.0		216610.0		184236.0			247067.0	111081.0	194757.0	278714.0	185234.0	109543.0	261728.0	183182.0		193170.0		297242.0	352065.0	214316.0	287580.0		183376.0	240886.0	239859.0	140922.0	211336.0		229691.0		226460.0	186148.0		281703.0	144295.0	194803.0	278378.0	303282.0	192484.0		137898.0	160659.0		116903.0	317369.0	186682.0	352806.0	146499.0				226210.0	425051.0
O00584	RNT2_HUMAN	RNASET2		10	10	14118900.0	17599700.0	10650000.0	14585300.0	18133100.0	18708600.0	12600500.0	23212300.0	20357900.0	12591600.0	18011000.0	15535300.0	15544500.0	16143500.0	22695500.0	22270800.0	13056300.0	23351500.0	19911400.0	27080200.0	18033300.0	26844000.0	18783000.0	24060500.0	18561500.0	9507050.0	16765000.0	15143500.0	15104100.0	17932600.0	19406500.0	25534100.0	17159000.0	15780100.0	24281600.0	12856700.0	24788400.0	9760040.0	23262000.0	16567600.0	15003000.0	22542400.0	20734600.0	19106300.0	17331600.0	14425900.0	20573500.0	19408600.0	21951500.0	13888100.0	20267400.0	16779700.0	27616600.0	17674500.0	17100400.0	13766400.0	20162300.0	11729300.0	18276300.0	17211500.0	22061900.0
O00587;O00587-2	MFNG_HUMAN	MFNG		2	2							52237.7		104422.0						114804.0	57902.2	81678.4		45997.9						53334.8								63143.0	97617.4		34826.7		87840.6						43856.5		65169.7			65532.2								41784.4
O00754;O00754-2	MA2B1_HUMAN	MAN2B1		15	15	5246800.0	3096490.0	2501530.0	4413990.0	2463020.0	4942050.0	4089280.0	4110790.0	3824640.0	2917530.0	3443250.0	3424970.0	2730950.0	3480670.0	3617890.0	6272310.0	4335580.0	3622880.0	3339870.0	3792790.0	3990350.0	5203600.0	4297740.0	5704320.0	5319350.0	2607350.0	3687300.0	3314760.0	5465580.0	6121850.0	3841700.0	4092770.0	4586720.0	3110300.0	5506540.0	2293180.0	4040420.0	3502340.0	3974350.0	3760610.0	3105030.0	3698330.0	2786520.0	3189320.0	4778600.0	3817340.0	5676350.0	2876000.0	2531540.0	5430130.0	2836760.0	3347510.0	2833990.0	3859830.0	2895800.0	3056450.0	5040440.0	2930620.0	4248670.0	3332080.0	3835850.0
O14498	ISLR_HUMAN	ISLR		8	8	74222200.0	57268100.0	55017800.0	70946400.0	53502900.0	62598100.0	100602000.0	83023600.0	72495800.0	73148200.0	59224200.0	83247800.0	56399400.0	70350900.0	58858800.0	113620000.0	75701000.0	84479100.0	59582100.0	79489900.0	62533400.0	61723100.0	54600600.0	93810500.0	97092000.0	62480600.0	63109100.0	57267200.0	99494100.0	87056000.0	73480800.0	82304200.0	63464700.0	57345200.0	96934100.0	55964800.0	89892300.0	69640600.0	91481100.0	83546500.0	59039700.0	56666100.0	79573700.0	50658400.0	63025200.0	71800000.0	81174100.0	69381500.0	69173900.0	180269000.0	62070100.0	99265200.0	67676300.0	58006300.0	76429500.0	69195800.0	80698000.0	61229100.0	68048600.0	54691200.0	65750700.0
O14514	AGRB1_HUMAN	ADGRB1		6	6	2848160.0	7473560.0	6323520.0	9112150.0	3993670.0	8018760.0	4161070.0	3710860.0	7322690.0	5103070.0	7511630.0	5256880.0	6793070.0	12141100.0	5932050.0	5122880.0	3178450.0	4909720.0	5316680.0	4645060.0	2991780.0	6820890.0	5388190.0		4695170.0	6621050.0	6004290.0	7655160.0		3236520.0	3826150.0	6625780.0	8813740.0	5953320.0	4080080.0	6587690.0		6898720.0	3554060.0	4507320.0	5086320.0	3946880.0	3406080.0	5890180.0	6203750.0	4778630.0		4236400.0	7819180.0		8678140.0	5301200.0	4549730.0	6127870.0	6461610.0	6960950.0	5078940.0	8769360.0	4505600.0	9130990.0	2543010.0
O14522	PTPRT_HUMAN	PTPRT		12	12	1013960.0	1221840.0	1200520.0	1413960.0	587445.0	1520260.0	1268650.0	741136.0	1761770.0	876881.0	1349660.0	983145.0	1111640.0	2332420.0	785167.0	958598.0	819454.0	685415.0	1135820.0	1017900.0	738065.0	1709510.0	1404490.0	629040.0	1179290.0	1072290.0	992436.0	1275220.0	635631.0	551458.0	826541.0	938762.0	1655020.0	858394.0	719726.0	1409020.0	425798.0	1263960.0	874376.0	1382450.0	1247760.0	672676.0	471220.0	948781.0	1233360.0	816685.0	825376.0	1206690.0	1171140.0		1784900.0	812595.0	701827.0	1491580.0	1159890.0	1160560.0	1445990.0	1864510.0	1161200.0	1811280.0	660095.0
